frame,path,label,age_group,source
fake_celeb_data_fake_id21_id32_0000_frame0.jpg,all_data_frames\fake_celeb_data_fake_id21_id32_0000_frame0.jpg,fake,36-50,celeb
fake_celeb_data_fake_id21_id32_0000_frame10.jpg,all_data_frames\fake_celeb_data_fake_id21_id32_0000_frame10.jpg,fake,36-50,celeb
fake_celeb_data_fake_id21_id32_0000_frame100.jpg,all_data_frames\fake_celeb_data_fake_id21_id32_0000_frame100.jpg,fake,36-50,celeb
fake_celeb_data_fake_id21_id32_0000_frame110.jpg,all_data_frames\fake_celeb_data_fake_id21_id32_0000_frame110.jpg,fake,36-50,celeb
fake_celeb_data_fake_id21_id32_0000_frame120.jpg,all_data_frames\fake_celeb_data_fake_id21_id32_0000_frame120.jpg,fake,36-50,celeb
fake_celeb_data_fake_id21_id32_0000_frame130.jpg,all_data_frames\fake_celeb_data_fake_id21_id32_0000_frame130.jpg,fake,36-50,celeb
fake_celeb_data_fake_id21_id32_0000_frame140.jpg,all_data_frames\fake_celeb_data_fake_id21_id32_0000_frame140.jpg,fake,36-50,celeb
fake_celeb_data_fake_id21_id32_0000_frame150.jpg,all_data_frames\fake_celeb_data_fake_id21_id32_0000_frame150.jpg,fake,36-50,celeb
fake_celeb_data_fake_id21_id32_0000_frame160.jpg,all_data_frames\fake_celeb_data_fake_id21_id32_0000_frame160.jpg,fake,36-50,celeb
fake_celeb_data_fake_id21_id32_0000_frame170.jpg,all_data_frames\fake_celeb_data_fake_id21_id32_0000_frame170.jpg,fake,36-50,celeb
fake_celeb_data_fake_id21_id32_0000_frame180.jpg,all_data_frames\fake_celeb_data_fake_id21_id32_0000_frame180.jpg,fake,36-50,celeb
fake_celeb_data_fake_id21_id32_0000_frame190.jpg,all_data_frames\fake_celeb_data_fake_id21_id32_0000_frame190.jpg,fake,36-50,celeb
fake_celeb_data_fake_id21_id32_0000_frame20.jpg,all_data_frames\fake_celeb_data_fake_id21_id32_0000_frame20.jpg,fake,36-50,celeb
fake_celeb_data_fake_id21_id32_0000_frame200.jpg,all_data_frames\fake_celeb_data_fake_id21_id32_0000_frame200.jpg,fake,36-50,celeb
fake_celeb_data_fake_id21_id32_0000_frame210.jpg,all_data_frames\fake_celeb_data_fake_id21_id32_0000_frame210.jpg,fake,36-50,celeb
fake_celeb_data_fake_id21_id32_0000_frame220.jpg,all_data_frames\fake_celeb_data_fake_id21_id32_0000_frame220.jpg,fake,36-50,celeb
fake_celeb_data_fake_id21_id32_0000_frame230.jpg,all_data_frames\fake_celeb_data_fake_id21_id32_0000_frame230.jpg,fake,36-50,celeb
fake_celeb_data_fake_id21_id32_0000_frame30.jpg,all_data_frames\fake_celeb_data_fake_id21_id32_0000_frame30.jpg,fake,36-50,celeb
fake_celeb_data_fake_id21_id32_0000_frame40.jpg,all_data_frames\fake_celeb_data_fake_id21_id32_0000_frame40.jpg,fake,36-50,celeb
fake_celeb_data_fake_id21_id32_0000_frame50.jpg,all_data_frames\fake_celeb_data_fake_id21_id32_0000_frame50.jpg,fake,36-50,celeb
fake_celeb_data_fake_id21_id32_0000_frame60.jpg,all_data_frames\fake_celeb_data_fake_id21_id32_0000_frame60.jpg,fake,36-50,celeb
fake_celeb_data_fake_id21_id32_0000_frame70.jpg,all_data_frames\fake_celeb_data_fake_id21_id32_0000_frame70.jpg,fake,36-50,celeb
fake_celeb_data_fake_id21_id32_0000_frame80.jpg,all_data_frames\fake_celeb_data_fake_id21_id32_0000_frame80.jpg,fake,36-50,celeb
fake_celeb_data_fake_id21_id32_0000_frame90.jpg,all_data_frames\fake_celeb_data_fake_id21_id32_0000_frame90.jpg,fake,36-50,celeb
fake_celeb_data_fake_id21_id33_0000_frame0.jpg,all_data_frames\fake_celeb_data_fake_id21_id33_0000_frame0.jpg,fake,36-50,celeb
fake_celeb_data_fake_id21_id33_0000_frame10.jpg,all_data_frames\fake_celeb_data_fake_id21_id33_0000_frame10.jpg,fake,36-50,celeb
fake_celeb_data_fake_id21_id33_0000_frame100.jpg,all_data_frames\fake_celeb_data_fake_id21_id33_0000_frame100.jpg,fake,36-50,celeb
fake_celeb_data_fake_id21_id33_0000_frame110.jpg,all_data_frames\fake_celeb_data_fake_id21_id33_0000_frame110.jpg,fake,36-50,celeb
fake_celeb_data_fake_id21_id33_0000_frame120.jpg,all_data_frames\fake_celeb_data_fake_id21_id33_0000_frame120.jpg,fake,36-50,celeb
fake_celeb_data_fake_id21_id33_0000_frame130.jpg,all_data_frames\fake_celeb_data_fake_id21_id33_0000_frame130.jpg,fake,36-50,celeb
fake_celeb_data_fake_id21_id33_0000_frame140.jpg,all_data_frames\fake_celeb_data_fake_id21_id33_0000_frame140.jpg,fake,36-50,celeb
fake_celeb_data_fake_id21_id33_0000_frame150.jpg,all_data_frames\fake_celeb_data_fake_id21_id33_0000_frame150.jpg,fake,36-50,celeb
fake_celeb_data_fake_id21_id33_0000_frame160.jpg,all_data_frames\fake_celeb_data_fake_id21_id33_0000_frame160.jpg,fake,36-50,celeb
fake_celeb_data_fake_id21_id33_0000_frame170.jpg,all_data_frames\fake_celeb_data_fake_id21_id33_0000_frame170.jpg,fake,36-50,celeb
fake_celeb_data_fake_id21_id33_0000_frame180.jpg,all_data_frames\fake_celeb_data_fake_id21_id33_0000_frame180.jpg,fake,36-50,celeb
fake_celeb_data_fake_id21_id33_0000_frame190.jpg,all_data_frames\fake_celeb_data_fake_id21_id33_0000_frame190.jpg,fake,36-50,celeb
fake_celeb_data_fake_id21_id33_0000_frame20.jpg,all_data_frames\fake_celeb_data_fake_id21_id33_0000_frame20.jpg,fake,36-50,celeb
fake_celeb_data_fake_id21_id33_0000_frame200.jpg,all_data_frames\fake_celeb_data_fake_id21_id33_0000_frame200.jpg,fake,36-50,celeb
fake_celeb_data_fake_id21_id33_0000_frame210.jpg,all_data_frames\fake_celeb_data_fake_id21_id33_0000_frame210.jpg,fake,36-50,celeb
fake_celeb_data_fake_id21_id33_0000_frame220.jpg,all_data_frames\fake_celeb_data_fake_id21_id33_0000_frame220.jpg,fake,36-50,celeb
fake_celeb_data_fake_id21_id33_0000_frame230.jpg,all_data_frames\fake_celeb_data_fake_id21_id33_0000_frame230.jpg,fake,36-50,celeb
fake_celeb_data_fake_id21_id33_0000_frame30.jpg,all_data_frames\fake_celeb_data_fake_id21_id33_0000_frame30.jpg,fake,36-50,celeb
fake_celeb_data_fake_id21_id33_0000_frame40.jpg,all_data_frames\fake_celeb_data_fake_id21_id33_0000_frame40.jpg,fake,36-50,celeb
fake_celeb_data_fake_id21_id33_0000_frame50.jpg,all_data_frames\fake_celeb_data_fake_id21_id33_0000_frame50.jpg,fake,36-50,celeb
fake_celeb_data_fake_id21_id33_0000_frame60.jpg,all_data_frames\fake_celeb_data_fake_id21_id33_0000_frame60.jpg,fake,36-50,celeb
fake_celeb_data_fake_id21_id33_0000_frame70.jpg,all_data_frames\fake_celeb_data_fake_id21_id33_0000_frame70.jpg,fake,36-50,celeb
fake_celeb_data_fake_id21_id33_0000_frame80.jpg,all_data_frames\fake_celeb_data_fake_id21_id33_0000_frame80.jpg,fake,36-50,celeb
fake_celeb_data_fake_id21_id33_0000_frame90.jpg,all_data_frames\fake_celeb_data_fake_id21_id33_0000_frame90.jpg,fake,36-50,celeb
fake_celeb_data_fake_id21_id34_0000_frame0.jpg,all_data_frames\fake_celeb_data_fake_id21_id34_0000_frame0.jpg,fake,19-35,celeb
fake_celeb_data_fake_id21_id34_0000_frame10.jpg,all_data_frames\fake_celeb_data_fake_id21_id34_0000_frame10.jpg,fake,19-35,celeb
fake_celeb_data_fake_id21_id34_0000_frame100.jpg,all_data_frames\fake_celeb_data_fake_id21_id34_0000_frame100.jpg,fake,19-35,celeb
fake_celeb_data_fake_id21_id34_0000_frame110.jpg,all_data_frames\fake_celeb_data_fake_id21_id34_0000_frame110.jpg,fake,19-35,celeb
fake_celeb_data_fake_id21_id34_0000_frame120.jpg,all_data_frames\fake_celeb_data_fake_id21_id34_0000_frame120.jpg,fake,19-35,celeb
fake_celeb_data_fake_id21_id34_0000_frame130.jpg,all_data_frames\fake_celeb_data_fake_id21_id34_0000_frame130.jpg,fake,19-35,celeb
fake_celeb_data_fake_id21_id34_0000_frame140.jpg,all_data_frames\fake_celeb_data_fake_id21_id34_0000_frame140.jpg,fake,19-35,celeb
fake_celeb_data_fake_id21_id34_0000_frame150.jpg,all_data_frames\fake_celeb_data_fake_id21_id34_0000_frame150.jpg,fake,19-35,celeb
fake_celeb_data_fake_id21_id34_0000_frame160.jpg,all_data_frames\fake_celeb_data_fake_id21_id34_0000_frame160.jpg,fake,19-35,celeb
fake_celeb_data_fake_id21_id34_0000_frame170.jpg,all_data_frames\fake_celeb_data_fake_id21_id34_0000_frame170.jpg,fake,19-35,celeb
fake_celeb_data_fake_id21_id34_0000_frame180.jpg,all_data_frames\fake_celeb_data_fake_id21_id34_0000_frame180.jpg,fake,19-35,celeb
fake_celeb_data_fake_id21_id34_0000_frame190.jpg,all_data_frames\fake_celeb_data_fake_id21_id34_0000_frame190.jpg,fake,19-35,celeb
fake_celeb_data_fake_id21_id34_0000_frame20.jpg,all_data_frames\fake_celeb_data_fake_id21_id34_0000_frame20.jpg,fake,19-35,celeb
fake_celeb_data_fake_id21_id34_0000_frame200.jpg,all_data_frames\fake_celeb_data_fake_id21_id34_0000_frame200.jpg,fake,19-35,celeb
fake_celeb_data_fake_id21_id34_0000_frame210.jpg,all_data_frames\fake_celeb_data_fake_id21_id34_0000_frame210.jpg,fake,19-35,celeb
fake_celeb_data_fake_id21_id34_0000_frame220.jpg,all_data_frames\fake_celeb_data_fake_id21_id34_0000_frame220.jpg,fake,19-35,celeb
fake_celeb_data_fake_id21_id34_0000_frame230.jpg,all_data_frames\fake_celeb_data_fake_id21_id34_0000_frame230.jpg,fake,19-35,celeb
fake_celeb_data_fake_id21_id34_0000_frame30.jpg,all_data_frames\fake_celeb_data_fake_id21_id34_0000_frame30.jpg,fake,19-35,celeb
fake_celeb_data_fake_id21_id34_0000_frame40.jpg,all_data_frames\fake_celeb_data_fake_id21_id34_0000_frame40.jpg,fake,19-35,celeb
fake_celeb_data_fake_id21_id34_0000_frame50.jpg,all_data_frames\fake_celeb_data_fake_id21_id34_0000_frame50.jpg,fake,19-35,celeb
fake_celeb_data_fake_id21_id34_0000_frame60.jpg,all_data_frames\fake_celeb_data_fake_id21_id34_0000_frame60.jpg,fake,19-35,celeb
fake_celeb_data_fake_id21_id34_0000_frame70.jpg,all_data_frames\fake_celeb_data_fake_id21_id34_0000_frame70.jpg,fake,19-35,celeb
fake_celeb_data_fake_id21_id34_0000_frame80.jpg,all_data_frames\fake_celeb_data_fake_id21_id34_0000_frame80.jpg,fake,19-35,celeb
fake_celeb_data_fake_id21_id34_0000_frame90.jpg,all_data_frames\fake_celeb_data_fake_id21_id34_0000_frame90.jpg,fake,19-35,celeb
fake_celeb_data_fake_id21_id35_0000_frame0.jpg,all_data_frames\fake_celeb_data_fake_id21_id35_0000_frame0.jpg,fake,19-35,celeb
fake_celeb_data_fake_id21_id35_0000_frame10.jpg,all_data_frames\fake_celeb_data_fake_id21_id35_0000_frame10.jpg,fake,19-35,celeb
fake_celeb_data_fake_id21_id35_0000_frame100.jpg,all_data_frames\fake_celeb_data_fake_id21_id35_0000_frame100.jpg,fake,19-35,celeb
fake_celeb_data_fake_id21_id35_0000_frame110.jpg,all_data_frames\fake_celeb_data_fake_id21_id35_0000_frame110.jpg,fake,19-35,celeb
fake_celeb_data_fake_id21_id35_0000_frame120.jpg,all_data_frames\fake_celeb_data_fake_id21_id35_0000_frame120.jpg,fake,19-35,celeb
fake_celeb_data_fake_id21_id35_0000_frame130.jpg,all_data_frames\fake_celeb_data_fake_id21_id35_0000_frame130.jpg,fake,19-35,celeb
fake_celeb_data_fake_id21_id35_0000_frame140.jpg,all_data_frames\fake_celeb_data_fake_id21_id35_0000_frame140.jpg,fake,19-35,celeb
fake_celeb_data_fake_id21_id35_0000_frame150.jpg,all_data_frames\fake_celeb_data_fake_id21_id35_0000_frame150.jpg,fake,19-35,celeb
fake_celeb_data_fake_id21_id35_0000_frame160.jpg,all_data_frames\fake_celeb_data_fake_id21_id35_0000_frame160.jpg,fake,19-35,celeb
fake_celeb_data_fake_id21_id35_0000_frame170.jpg,all_data_frames\fake_celeb_data_fake_id21_id35_0000_frame170.jpg,fake,19-35,celeb
fake_celeb_data_fake_id21_id35_0000_frame180.jpg,all_data_frames\fake_celeb_data_fake_id21_id35_0000_frame180.jpg,fake,19-35,celeb
fake_celeb_data_fake_id21_id35_0000_frame190.jpg,all_data_frames\fake_celeb_data_fake_id21_id35_0000_frame190.jpg,fake,19-35,celeb
fake_celeb_data_fake_id21_id35_0000_frame20.jpg,all_data_frames\fake_celeb_data_fake_id21_id35_0000_frame20.jpg,fake,19-35,celeb
fake_celeb_data_fake_id21_id35_0000_frame200.jpg,all_data_frames\fake_celeb_data_fake_id21_id35_0000_frame200.jpg,fake,19-35,celeb
fake_celeb_data_fake_id21_id35_0000_frame210.jpg,all_data_frames\fake_celeb_data_fake_id21_id35_0000_frame210.jpg,fake,19-35,celeb
fake_celeb_data_fake_id21_id35_0000_frame220.jpg,all_data_frames\fake_celeb_data_fake_id21_id35_0000_frame220.jpg,fake,19-35,celeb
fake_celeb_data_fake_id21_id35_0000_frame230.jpg,all_data_frames\fake_celeb_data_fake_id21_id35_0000_frame230.jpg,fake,19-35,celeb
fake_celeb_data_fake_id21_id35_0000_frame30.jpg,all_data_frames\fake_celeb_data_fake_id21_id35_0000_frame30.jpg,fake,19-35,celeb
fake_celeb_data_fake_id21_id35_0000_frame40.jpg,all_data_frames\fake_celeb_data_fake_id21_id35_0000_frame40.jpg,fake,19-35,celeb
fake_celeb_data_fake_id21_id35_0000_frame50.jpg,all_data_frames\fake_celeb_data_fake_id21_id35_0000_frame50.jpg,fake,19-35,celeb
fake_celeb_data_fake_id21_id35_0000_frame60.jpg,all_data_frames\fake_celeb_data_fake_id21_id35_0000_frame60.jpg,fake,19-35,celeb
fake_celeb_data_fake_id21_id35_0000_frame70.jpg,all_data_frames\fake_celeb_data_fake_id21_id35_0000_frame70.jpg,fake,19-35,celeb
fake_celeb_data_fake_id21_id35_0000_frame80.jpg,all_data_frames\fake_celeb_data_fake_id21_id35_0000_frame80.jpg,fake,19-35,celeb
fake_celeb_data_fake_id21_id35_0000_frame90.jpg,all_data_frames\fake_celeb_data_fake_id21_id35_0000_frame90.jpg,fake,19-35,celeb
fake_celeb_data_fake_id21_id37_0000_frame0.jpg,all_data_frames\fake_celeb_data_fake_id21_id37_0000_frame0.jpg,fake,36-50,celeb
fake_celeb_data_fake_id21_id37_0000_frame10.jpg,all_data_frames\fake_celeb_data_fake_id21_id37_0000_frame10.jpg,fake,36-50,celeb
fake_celeb_data_fake_id21_id37_0000_frame100.jpg,all_data_frames\fake_celeb_data_fake_id21_id37_0000_frame100.jpg,fake,36-50,celeb
fake_celeb_data_fake_id21_id37_0000_frame110.jpg,all_data_frames\fake_celeb_data_fake_id21_id37_0000_frame110.jpg,fake,36-50,celeb
fake_celeb_data_fake_id21_id37_0000_frame120.jpg,all_data_frames\fake_celeb_data_fake_id21_id37_0000_frame120.jpg,fake,36-50,celeb
fake_celeb_data_fake_id21_id37_0000_frame130.jpg,all_data_frames\fake_celeb_data_fake_id21_id37_0000_frame130.jpg,fake,36-50,celeb
fake_celeb_data_fake_id21_id37_0000_frame140.jpg,all_data_frames\fake_celeb_data_fake_id21_id37_0000_frame140.jpg,fake,36-50,celeb
fake_celeb_data_fake_id21_id37_0000_frame150.jpg,all_data_frames\fake_celeb_data_fake_id21_id37_0000_frame150.jpg,fake,36-50,celeb
fake_celeb_data_fake_id21_id37_0000_frame160.jpg,all_data_frames\fake_celeb_data_fake_id21_id37_0000_frame160.jpg,fake,36-50,celeb
fake_celeb_data_fake_id21_id37_0000_frame170.jpg,all_data_frames\fake_celeb_data_fake_id21_id37_0000_frame170.jpg,fake,36-50,celeb
fake_celeb_data_fake_id21_id37_0000_frame180.jpg,all_data_frames\fake_celeb_data_fake_id21_id37_0000_frame180.jpg,fake,36-50,celeb
fake_celeb_data_fake_id21_id37_0000_frame190.jpg,all_data_frames\fake_celeb_data_fake_id21_id37_0000_frame190.jpg,fake,36-50,celeb
fake_celeb_data_fake_id21_id37_0000_frame20.jpg,all_data_frames\fake_celeb_data_fake_id21_id37_0000_frame20.jpg,fake,36-50,celeb
fake_celeb_data_fake_id21_id37_0000_frame200.jpg,all_data_frames\fake_celeb_data_fake_id21_id37_0000_frame200.jpg,fake,36-50,celeb
fake_celeb_data_fake_id21_id37_0000_frame210.jpg,all_data_frames\fake_celeb_data_fake_id21_id37_0000_frame210.jpg,fake,36-50,celeb
fake_celeb_data_fake_id21_id37_0000_frame220.jpg,all_data_frames\fake_celeb_data_fake_id21_id37_0000_frame220.jpg,fake,36-50,celeb
fake_celeb_data_fake_id21_id37_0000_frame230.jpg,all_data_frames\fake_celeb_data_fake_id21_id37_0000_frame230.jpg,fake,36-50,celeb
fake_celeb_data_fake_id21_id37_0000_frame30.jpg,all_data_frames\fake_celeb_data_fake_id21_id37_0000_frame30.jpg,fake,36-50,celeb
fake_celeb_data_fake_id21_id37_0000_frame40.jpg,all_data_frames\fake_celeb_data_fake_id21_id37_0000_frame40.jpg,fake,36-50,celeb
fake_celeb_data_fake_id21_id37_0000_frame50.jpg,all_data_frames\fake_celeb_data_fake_id21_id37_0000_frame50.jpg,fake,36-50,celeb
fake_celeb_data_fake_id21_id37_0000_frame60.jpg,all_data_frames\fake_celeb_data_fake_id21_id37_0000_frame60.jpg,fake,36-50,celeb
fake_celeb_data_fake_id21_id37_0000_frame70.jpg,all_data_frames\fake_celeb_data_fake_id21_id37_0000_frame70.jpg,fake,36-50,celeb
fake_celeb_data_fake_id21_id37_0000_frame80.jpg,all_data_frames\fake_celeb_data_fake_id21_id37_0000_frame80.jpg,fake,36-50,celeb
fake_celeb_data_fake_id21_id37_0000_frame90.jpg,all_data_frames\fake_celeb_data_fake_id21_id37_0000_frame90.jpg,fake,36-50,celeb
real_celeb_data_real_id10_0000_frame100.jpg,all_data_frames\real_celeb_data_real_id10_0000_frame100.jpg,real,19-35,celeb
real_celeb_data_real_id10_0000_frame110.jpg,all_data_frames\real_celeb_data_real_id10_0000_frame110.jpg,real,19-35,celeb
real_celeb_data_real_id10_0000_frame120.jpg,all_data_frames\real_celeb_data_real_id10_0000_frame120.jpg,real,19-35,celeb
real_celeb_data_real_id10_0000_frame130.jpg,all_data_frames\real_celeb_data_real_id10_0000_frame130.jpg,real,19-35,celeb
real_celeb_data_real_id10_0000_frame140.jpg,all_data_frames\real_celeb_data_real_id10_0000_frame140.jpg,real,19-35,celeb
real_celeb_data_real_id10_0000_frame150.jpg,all_data_frames\real_celeb_data_real_id10_0000_frame150.jpg,real,19-35,celeb
real_celeb_data_real_id10_0000_frame160.jpg,all_data_frames\real_celeb_data_real_id10_0000_frame160.jpg,real,19-35,celeb
real_celeb_data_real_id10_0000_frame170.jpg,all_data_frames\real_celeb_data_real_id10_0000_frame170.jpg,real,19-35,celeb
real_celeb_data_real_id10_0000_frame180.jpg,all_data_frames\real_celeb_data_real_id10_0000_frame180.jpg,real,19-35,celeb
real_celeb_data_real_id10_0000_frame190.jpg,all_data_frames\real_celeb_data_real_id10_0000_frame190.jpg,real,19-35,celeb
real_celeb_data_real_id10_0000_frame200.jpg,all_data_frames\real_celeb_data_real_id10_0000_frame200.jpg,real,19-35,celeb
real_celeb_data_real_id10_0000_frame210.jpg,all_data_frames\real_celeb_data_real_id10_0000_frame210.jpg,real,19-35,celeb
real_celeb_data_real_id10_0000_frame220.jpg,all_data_frames\real_celeb_data_real_id10_0000_frame220.jpg,real,19-35,celeb
real_celeb_data_real_id10_0000_frame230.jpg,all_data_frames\real_celeb_data_real_id10_0000_frame230.jpg,real,19-35,celeb
real_celeb_data_real_id10_0000_frame40.jpg,all_data_frames\real_celeb_data_real_id10_0000_frame40.jpg,real,19-35,celeb
real_celeb_data_real_id10_0000_frame50.jpg,all_data_frames\real_celeb_data_real_id10_0000_frame50.jpg,real,19-35,celeb
real_celeb_data_real_id10_0000_frame60.jpg,all_data_frames\real_celeb_data_real_id10_0000_frame60.jpg,real,19-35,celeb
real_celeb_data_real_id10_0000_frame70.jpg,all_data_frames\real_celeb_data_real_id10_0000_frame70.jpg,real,19-35,celeb
real_celeb_data_real_id10_0000_frame80.jpg,all_data_frames\real_celeb_data_real_id10_0000_frame80.jpg,real,19-35,celeb
real_celeb_data_real_id10_0000_frame90.jpg,all_data_frames\real_celeb_data_real_id10_0000_frame90.jpg,real,19-35,celeb
real_celeb_data_real_id6_0005_frame0.jpg,all_data_frames\real_celeb_data_real_id6_0005_frame0.jpg,real,19-35,celeb
real_celeb_data_real_id6_0005_frame10.jpg,all_data_frames\real_celeb_data_real_id6_0005_frame10.jpg,real,19-35,celeb
real_celeb_data_real_id6_0005_frame100.jpg,all_data_frames\real_celeb_data_real_id6_0005_frame100.jpg,real,19-35,celeb
real_celeb_data_real_id6_0005_frame110.jpg,all_data_frames\real_celeb_data_real_id6_0005_frame110.jpg,real,19-35,celeb
real_celeb_data_real_id6_0005_frame120.jpg,all_data_frames\real_celeb_data_real_id6_0005_frame120.jpg,real,19-35,celeb
real_celeb_data_real_id6_0005_frame130.jpg,all_data_frames\real_celeb_data_real_id6_0005_frame130.jpg,real,19-35,celeb
real_celeb_data_real_id6_0005_frame140.jpg,all_data_frames\real_celeb_data_real_id6_0005_frame140.jpg,real,19-35,celeb
real_celeb_data_real_id6_0005_frame150.jpg,all_data_frames\real_celeb_data_real_id6_0005_frame150.jpg,real,19-35,celeb
real_celeb_data_real_id6_0005_frame160.jpg,all_data_frames\real_celeb_data_real_id6_0005_frame160.jpg,real,19-35,celeb
real_celeb_data_real_id6_0005_frame170.jpg,all_data_frames\real_celeb_data_real_id6_0005_frame170.jpg,real,19-35,celeb
real_celeb_data_real_id6_0005_frame180.jpg,all_data_frames\real_celeb_data_real_id6_0005_frame180.jpg,real,19-35,celeb
real_celeb_data_real_id6_0005_frame20.jpg,all_data_frames\real_celeb_data_real_id6_0005_frame20.jpg,real,19-35,celeb
real_celeb_data_real_id6_0005_frame200.jpg,all_data_frames\real_celeb_data_real_id6_0005_frame200.jpg,real,19-35,celeb
real_celeb_data_real_id6_0005_frame210.jpg,all_data_frames\real_celeb_data_real_id6_0005_frame210.jpg,real,19-35,celeb
real_celeb_data_real_id6_0005_frame220.jpg,all_data_frames\real_celeb_data_real_id6_0005_frame220.jpg,real,19-35,celeb
real_celeb_data_real_id6_0005_frame230.jpg,all_data_frames\real_celeb_data_real_id6_0005_frame230.jpg,real,19-35,celeb
real_celeb_data_real_id6_0005_frame240.jpg,all_data_frames\real_celeb_data_real_id6_0005_frame240.jpg,real,19-35,celeb
real_celeb_data_real_id6_0005_frame250.jpg,all_data_frames\real_celeb_data_real_id6_0005_frame250.jpg,real,19-35,celeb
real_celeb_data_real_id6_0005_frame260.jpg,all_data_frames\real_celeb_data_real_id6_0005_frame260.jpg,real,19-35,celeb
real_celeb_data_real_id6_0005_frame270.jpg,all_data_frames\real_celeb_data_real_id6_0005_frame270.jpg,real,19-35,celeb
real_celeb_data_real_id6_0005_frame280.jpg,all_data_frames\real_celeb_data_real_id6_0005_frame280.jpg,real,19-35,celeb
real_celeb_data_real_id6_0005_frame290.jpg,all_data_frames\real_celeb_data_real_id6_0005_frame290.jpg,real,19-35,celeb
real_celeb_data_real_id6_0005_frame30.jpg,all_data_frames\real_celeb_data_real_id6_0005_frame30.jpg,real,19-35,celeb
real_celeb_data_real_id6_0005_frame300.jpg,all_data_frames\real_celeb_data_real_id6_0005_frame300.jpg,real,19-35,celeb
real_celeb_data_real_id6_0005_frame310.jpg,all_data_frames\real_celeb_data_real_id6_0005_frame310.jpg,real,19-35,celeb
real_celeb_data_real_id6_0005_frame320.jpg,all_data_frames\real_celeb_data_real_id6_0005_frame320.jpg,real,19-35,celeb
real_celeb_data_real_id6_0005_frame330.jpg,all_data_frames\real_celeb_data_real_id6_0005_frame330.jpg,real,19-35,celeb
real_celeb_data_real_id6_0005_frame340.jpg,all_data_frames\real_celeb_data_real_id6_0005_frame340.jpg,real,19-35,celeb
real_celeb_data_real_id6_0005_frame350.jpg,all_data_frames\real_celeb_data_real_id6_0005_frame350.jpg,real,19-35,celeb
real_celeb_data_real_id6_0005_frame360.jpg,all_data_frames\real_celeb_data_real_id6_0005_frame360.jpg,real,19-35,celeb
real_celeb_data_real_id6_0005_frame370.jpg,all_data_frames\real_celeb_data_real_id6_0005_frame370.jpg,real,19-35,celeb
real_celeb_data_real_id6_0005_frame40.jpg,all_data_frames\real_celeb_data_real_id6_0005_frame40.jpg,real,19-35,celeb
real_celeb_data_real_id6_0005_frame50.jpg,all_data_frames\real_celeb_data_real_id6_0005_frame50.jpg,real,19-35,celeb
real_celeb_data_real_id6_0005_frame60.jpg,all_data_frames\real_celeb_data_real_id6_0005_frame60.jpg,real,19-35,celeb
real_celeb_data_real_id6_0005_frame70.jpg,all_data_frames\real_celeb_data_real_id6_0005_frame70.jpg,real,19-35,celeb
real_celeb_data_real_id6_0005_frame80.jpg,all_data_frames\real_celeb_data_real_id6_0005_frame80.jpg,real,19-35,celeb
real_celeb_data_real_id6_0005_frame90.jpg,all_data_frames\real_celeb_data_real_id6_0005_frame90.jpg,real,19-35,celeb
real_celeb_data_real_id7_0000_frame180.jpg,all_data_frames\real_celeb_data_real_id7_0000_frame180.jpg,real,19-35,celeb
real_celeb_data_real_id7_0000_frame220.jpg,all_data_frames\real_celeb_data_real_id7_0000_frame220.jpg,real,19-35,celeb
real_celeb_data_real_id7_0000_frame230.jpg,all_data_frames\real_celeb_data_real_id7_0000_frame230.jpg,real,19-35,celeb
real_celeb_data_real_id7_0000_frame240.jpg,all_data_frames\real_celeb_data_real_id7_0000_frame240.jpg,real,19-35,celeb
real_celeb_data_real_id7_0000_frame250.jpg,all_data_frames\real_celeb_data_real_id7_0000_frame250.jpg,real,19-35,celeb
real_celeb_data_real_id7_0000_frame270.jpg,all_data_frames\real_celeb_data_real_id7_0000_frame270.jpg,real,19-35,celeb
real_celeb_data_real_id7_0002_frame240.jpg,all_data_frames\real_celeb_data_real_id7_0002_frame240.jpg,real,19-35,celeb
real_celeb_data_real_id7_0005_frame0.jpg,all_data_frames\real_celeb_data_real_id7_0005_frame0.jpg,real,19-35,celeb
real_celeb_data_real_id7_0005_frame10.jpg,all_data_frames\real_celeb_data_real_id7_0005_frame10.jpg,real,19-35,celeb
real_celeb_data_real_id7_0005_frame20.jpg,all_data_frames\real_celeb_data_real_id7_0005_frame20.jpg,real,19-35,celeb
real_celeb_data_real_id7_0005_frame30.jpg,all_data_frames\real_celeb_data_real_id7_0005_frame30.jpg,real,19-35,celeb
real_celeb_data_real_id7_0005_frame40.jpg,all_data_frames\real_celeb_data_real_id7_0005_frame40.jpg,real,19-35,celeb
real_celeb_data_real_id7_0005_frame50.jpg,all_data_frames\real_celeb_data_real_id7_0005_frame50.jpg,real,19-35,celeb
real_celeb_data_real_id7_0005_frame60.jpg,all_data_frames\real_celeb_data_real_id7_0005_frame60.jpg,real,19-35,celeb
real_celeb_data_real_id7_0005_frame70.jpg,all_data_frames\real_celeb_data_real_id7_0005_frame70.jpg,real,19-35,celeb
real_celeb_data_real_id7_0005_frame80.jpg,all_data_frames\real_celeb_data_real_id7_0005_frame80.jpg,real,19-35,celeb
real_celeb_data_real_id7_0007_frame0.jpg,all_data_frames\real_celeb_data_real_id7_0007_frame0.jpg,real,19-35,celeb
real_celeb_data_real_id7_0007_frame120.jpg,all_data_frames\real_celeb_data_real_id7_0007_frame120.jpg,real,19-35,celeb
real_celeb_data_real_id8_0000_frame0.jpg,all_data_frames\real_celeb_data_real_id8_0000_frame0.jpg,real,19-35,celeb
real_celeb_data_real_id8_0000_frame10.jpg,all_data_frames\real_celeb_data_real_id8_0000_frame10.jpg,real,19-35,celeb
real_celeb_data_real_id8_0000_frame100.jpg,all_data_frames\real_celeb_data_real_id8_0000_frame100.jpg,real,19-35,celeb
real_celeb_data_real_id8_0000_frame110.jpg,all_data_frames\real_celeb_data_real_id8_0000_frame110.jpg,real,19-35,celeb
real_celeb_data_real_id8_0000_frame120.jpg,all_data_frames\real_celeb_data_real_id8_0000_frame120.jpg,real,19-35,celeb
real_celeb_data_real_id8_0000_frame130.jpg,all_data_frames\real_celeb_data_real_id8_0000_frame130.jpg,real,19-35,celeb
real_celeb_data_real_id8_0000_frame140.jpg,all_data_frames\real_celeb_data_real_id8_0000_frame140.jpg,real,19-35,celeb
real_celeb_data_real_id8_0000_frame150.jpg,all_data_frames\real_celeb_data_real_id8_0000_frame150.jpg,real,19-35,celeb
real_celeb_data_real_id8_0000_frame160.jpg,all_data_frames\real_celeb_data_real_id8_0000_frame160.jpg,real,19-35,celeb
real_celeb_data_real_id8_0000_frame170.jpg,all_data_frames\real_celeb_data_real_id8_0000_frame170.jpg,real,19-35,celeb
real_celeb_data_real_id8_0000_frame180.jpg,all_data_frames\real_celeb_data_real_id8_0000_frame180.jpg,real,19-35,celeb
real_celeb_data_real_id8_0000_frame190.jpg,all_data_frames\real_celeb_data_real_id8_0000_frame190.jpg,real,19-35,celeb
real_celeb_data_real_id8_0000_frame20.jpg,all_data_frames\real_celeb_data_real_id8_0000_frame20.jpg,real,19-35,celeb
real_celeb_data_real_id8_0000_frame200.jpg,all_data_frames\real_celeb_data_real_id8_0000_frame200.jpg,real,19-35,celeb
real_celeb_data_real_id8_0000_frame210.jpg,all_data_frames\real_celeb_data_real_id8_0000_frame210.jpg,real,19-35,celeb
real_celeb_data_real_id8_0000_frame220.jpg,all_data_frames\real_celeb_data_real_id8_0000_frame220.jpg,real,19-35,celeb
real_celeb_data_real_id8_0000_frame230.jpg,all_data_frames\real_celeb_data_real_id8_0000_frame230.jpg,real,19-35,celeb
real_celeb_data_real_id8_0000_frame250.jpg,all_data_frames\real_celeb_data_real_id8_0000_frame250.jpg,real,19-35,celeb
real_celeb_data_real_id8_0000_frame260.jpg,all_data_frames\real_celeb_data_real_id8_0000_frame260.jpg,real,19-35,celeb
real_celeb_data_real_id8_0000_frame270.jpg,all_data_frames\real_celeb_data_real_id8_0000_frame270.jpg,real,19-35,celeb
real_celeb_data_real_id8_0000_frame280.jpg,all_data_frames\real_celeb_data_real_id8_0000_frame280.jpg,real,19-35,celeb
real_celeb_data_real_id8_0000_frame290.jpg,all_data_frames\real_celeb_data_real_id8_0000_frame290.jpg,real,19-35,celeb
real_celeb_data_real_id8_0000_frame30.jpg,all_data_frames\real_celeb_data_real_id8_0000_frame30.jpg,real,19-35,celeb
real_celeb_data_real_id8_0000_frame300.jpg,all_data_frames\real_celeb_data_real_id8_0000_frame300.jpg,real,19-35,celeb
real_celeb_data_real_id8_0000_frame310.jpg,all_data_frames\real_celeb_data_real_id8_0000_frame310.jpg,real,19-35,celeb
real_celeb_data_real_id8_0000_frame320.jpg,all_data_frames\real_celeb_data_real_id8_0000_frame320.jpg,real,19-35,celeb
real_celeb_data_real_id8_0000_frame330.jpg,all_data_frames\real_celeb_data_real_id8_0000_frame330.jpg,real,19-35,celeb
real_celeb_data_real_id8_0000_frame340.jpg,all_data_frames\real_celeb_data_real_id8_0000_frame340.jpg,real,19-35,celeb
real_celeb_data_real_id8_0000_frame350.jpg,all_data_frames\real_celeb_data_real_id8_0000_frame350.jpg,real,19-35,celeb
real_celeb_data_real_id8_0000_frame360.jpg,all_data_frames\real_celeb_data_real_id8_0000_frame360.jpg,real,19-35,celeb
real_celeb_data_real_id8_0000_frame370.jpg,all_data_frames\real_celeb_data_real_id8_0000_frame370.jpg,real,19-35,celeb
real_celeb_data_real_id8_0000_frame380.jpg,all_data_frames\real_celeb_data_real_id8_0000_frame380.jpg,real,19-35,celeb
real_celeb_data_real_id8_0000_frame390.jpg,all_data_frames\real_celeb_data_real_id8_0000_frame390.jpg,real,19-35,celeb
real_celeb_data_real_id8_0000_frame40.jpg,all_data_frames\real_celeb_data_real_id8_0000_frame40.jpg,real,19-35,celeb
real_celeb_data_real_id8_0000_frame400.jpg,all_data_frames\real_celeb_data_real_id8_0000_frame400.jpg,real,19-35,celeb
real_celeb_data_real_id8_0000_frame410.jpg,all_data_frames\real_celeb_data_real_id8_0000_frame410.jpg,real,19-35,celeb
real_celeb_data_real_id8_0000_frame420.jpg,all_data_frames\real_celeb_data_real_id8_0000_frame420.jpg,real,19-35,celeb
real_celeb_data_real_id8_0000_frame430.jpg,all_data_frames\real_celeb_data_real_id8_0000_frame430.jpg,real,19-35,celeb
real_celeb_data_real_id8_0000_frame440.jpg,all_data_frames\real_celeb_data_real_id8_0000_frame440.jpg,real,19-35,celeb
real_celeb_data_real_id8_0000_frame450.jpg,all_data_frames\real_celeb_data_real_id8_0000_frame450.jpg,real,19-35,celeb
real_celeb_data_real_id8_0000_frame460.jpg,all_data_frames\real_celeb_data_real_id8_0000_frame460.jpg,real,19-35,celeb
real_celeb_data_real_id8_0000_frame470.jpg,all_data_frames\real_celeb_data_real_id8_0000_frame470.jpg,real,19-35,celeb
real_celeb_data_real_id8_0000_frame50.jpg,all_data_frames\real_celeb_data_real_id8_0000_frame50.jpg,real,19-35,celeb
real_celeb_data_real_id8_0000_frame60.jpg,all_data_frames\real_celeb_data_real_id8_0000_frame60.jpg,real,19-35,celeb
real_celeb_data_real_id8_0000_frame70.jpg,all_data_frames\real_celeb_data_real_id8_0000_frame70.jpg,real,19-35,celeb
real_celeb_data_real_id8_0000_frame80.jpg,all_data_frames\real_celeb_data_real_id8_0000_frame80.jpg,real,19-35,celeb
real_celeb_data_real_id8_0000_frame90.jpg,all_data_frames\real_celeb_data_real_id8_0000_frame90.jpg,real,19-35,celeb
real_celeb_data_real_id8_0001_frame100.jpg,all_data_frames\real_celeb_data_real_id8_0001_frame100.jpg,real,19-35,celeb
real_celeb_data_real_id8_0001_frame110.jpg,all_data_frames\real_celeb_data_real_id8_0001_frame110.jpg,real,19-35,celeb
real_celeb_data_real_id8_0001_frame120.jpg,all_data_frames\real_celeb_data_real_id8_0001_frame120.jpg,real,19-35,celeb
real_celeb_data_real_id8_0001_frame130.jpg,all_data_frames\real_celeb_data_real_id8_0001_frame130.jpg,real,19-35,celeb
real_celeb_data_real_id8_0001_frame140.jpg,all_data_frames\real_celeb_data_real_id8_0001_frame140.jpg,real,19-35,celeb
real_celeb_data_real_id8_0001_frame150.jpg,all_data_frames\real_celeb_data_real_id8_0001_frame150.jpg,real,19-35,celeb
real_celeb_data_real_id8_0001_frame160.jpg,all_data_frames\real_celeb_data_real_id8_0001_frame160.jpg,real,19-35,celeb
real_celeb_data_real_id8_0001_frame170.jpg,all_data_frames\real_celeb_data_real_id8_0001_frame170.jpg,real,19-35,celeb
real_celeb_data_real_id8_0001_frame180.jpg,all_data_frames\real_celeb_data_real_id8_0001_frame180.jpg,real,19-35,celeb
real_celeb_data_real_id8_0001_frame190.jpg,all_data_frames\real_celeb_data_real_id8_0001_frame190.jpg,real,19-35,celeb
real_celeb_data_real_id8_0001_frame20.jpg,all_data_frames\real_celeb_data_real_id8_0001_frame20.jpg,real,19-35,celeb
real_celeb_data_real_id8_0001_frame200.jpg,all_data_frames\real_celeb_data_real_id8_0001_frame200.jpg,real,19-35,celeb
real_celeb_data_real_id8_0001_frame210.jpg,all_data_frames\real_celeb_data_real_id8_0001_frame210.jpg,real,19-35,celeb
real_celeb_data_real_id8_0001_frame220.jpg,all_data_frames\real_celeb_data_real_id8_0001_frame220.jpg,real,19-35,celeb
real_celeb_data_real_id8_0001_frame230.jpg,all_data_frames\real_celeb_data_real_id8_0001_frame230.jpg,real,19-35,celeb
real_celeb_data_real_id8_0001_frame30.jpg,all_data_frames\real_celeb_data_real_id8_0001_frame30.jpg,real,19-35,celeb
real_celeb_data_real_id8_0001_frame40.jpg,all_data_frames\real_celeb_data_real_id8_0001_frame40.jpg,real,19-35,celeb
real_celeb_data_real_id8_0001_frame50.jpg,all_data_frames\real_celeb_data_real_id8_0001_frame50.jpg,real,19-35,celeb
real_celeb_data_real_id8_0001_frame60.jpg,all_data_frames\real_celeb_data_real_id8_0001_frame60.jpg,real,19-35,celeb
real_celeb_data_real_id8_0001_frame70.jpg,all_data_frames\real_celeb_data_real_id8_0001_frame70.jpg,real,19-35,celeb
real_celeb_data_real_id8_0001_frame80.jpg,all_data_frames\real_celeb_data_real_id8_0001_frame80.jpg,real,19-35,celeb
real_celeb_data_real_id8_0001_frame90.jpg,all_data_frames\real_celeb_data_real_id8_0001_frame90.jpg,real,19-35,celeb
real_celeb_data_real_id8_0004_frame0.jpg,all_data_frames\real_celeb_data_real_id8_0004_frame0.jpg,real,19-35,celeb
real_celeb_data_real_id8_0004_frame10.jpg,all_data_frames\real_celeb_data_real_id8_0004_frame10.jpg,real,19-35,celeb
real_celeb_data_real_id8_0004_frame100.jpg,all_data_frames\real_celeb_data_real_id8_0004_frame100.jpg,real,19-35,celeb
real_celeb_data_real_id8_0004_frame110.jpg,all_data_frames\real_celeb_data_real_id8_0004_frame110.jpg,real,19-35,celeb
real_celeb_data_real_id8_0004_frame120.jpg,all_data_frames\real_celeb_data_real_id8_0004_frame120.jpg,real,19-35,celeb
real_celeb_data_real_id8_0004_frame130.jpg,all_data_frames\real_celeb_data_real_id8_0004_frame130.jpg,real,19-35,celeb
real_celeb_data_real_id8_0004_frame140.jpg,all_data_frames\real_celeb_data_real_id8_0004_frame140.jpg,real,19-35,celeb
real_celeb_data_real_id8_0004_frame150.jpg,all_data_frames\real_celeb_data_real_id8_0004_frame150.jpg,real,19-35,celeb
real_celeb_data_real_id8_0004_frame160.jpg,all_data_frames\real_celeb_data_real_id8_0004_frame160.jpg,real,19-35,celeb
real_celeb_data_real_id8_0004_frame170.jpg,all_data_frames\real_celeb_data_real_id8_0004_frame170.jpg,real,19-35,celeb
real_celeb_data_real_id8_0004_frame180.jpg,all_data_frames\real_celeb_data_real_id8_0004_frame180.jpg,real,19-35,celeb
real_celeb_data_real_id8_0004_frame190.jpg,all_data_frames\real_celeb_data_real_id8_0004_frame190.jpg,real,19-35,celeb
real_celeb_data_real_id8_0004_frame20.jpg,all_data_frames\real_celeb_data_real_id8_0004_frame20.jpg,real,19-35,celeb
real_celeb_data_real_id8_0004_frame210.jpg,all_data_frames\real_celeb_data_real_id8_0004_frame210.jpg,real,19-35,celeb
real_celeb_data_real_id8_0004_frame220.jpg,all_data_frames\real_celeb_data_real_id8_0004_frame220.jpg,real,19-35,celeb
real_celeb_data_real_id8_0004_frame230.jpg,all_data_frames\real_celeb_data_real_id8_0004_frame230.jpg,real,19-35,celeb
real_celeb_data_real_id8_0004_frame240.jpg,all_data_frames\real_celeb_data_real_id8_0004_frame240.jpg,real,19-35,celeb
real_celeb_data_real_id8_0004_frame250.jpg,all_data_frames\real_celeb_data_real_id8_0004_frame250.jpg,real,19-35,celeb
real_celeb_data_real_id8_0004_frame260.jpg,all_data_frames\real_celeb_data_real_id8_0004_frame260.jpg,real,19-35,celeb
real_celeb_data_real_id8_0004_frame270.jpg,all_data_frames\real_celeb_data_real_id8_0004_frame270.jpg,real,19-35,celeb
real_celeb_data_real_id8_0004_frame280.jpg,all_data_frames\real_celeb_data_real_id8_0004_frame280.jpg,real,19-35,celeb
real_celeb_data_real_id8_0004_frame290.jpg,all_data_frames\real_celeb_data_real_id8_0004_frame290.jpg,real,19-35,celeb
real_celeb_data_real_id8_0004_frame30.jpg,all_data_frames\real_celeb_data_real_id8_0004_frame30.jpg,real,19-35,celeb
real_celeb_data_real_id8_0004_frame300.jpg,all_data_frames\real_celeb_data_real_id8_0004_frame300.jpg,real,19-35,celeb
real_celeb_data_real_id8_0004_frame310.jpg,all_data_frames\real_celeb_data_real_id8_0004_frame310.jpg,real,19-35,celeb
real_celeb_data_real_id8_0004_frame320.jpg,all_data_frames\real_celeb_data_real_id8_0004_frame320.jpg,real,19-35,celeb
real_celeb_data_real_id8_0004_frame330.jpg,all_data_frames\real_celeb_data_real_id8_0004_frame330.jpg,real,19-35,celeb
real_celeb_data_real_id8_0004_frame340.jpg,all_data_frames\real_celeb_data_real_id8_0004_frame340.jpg,real,19-35,celeb
real_celeb_data_real_id8_0004_frame350.jpg,all_data_frames\real_celeb_data_real_id8_0004_frame350.jpg,real,19-35,celeb
real_celeb_data_real_id8_0004_frame360.jpg,all_data_frames\real_celeb_data_real_id8_0004_frame360.jpg,real,19-35,celeb
real_celeb_data_real_id8_0004_frame370.jpg,all_data_frames\real_celeb_data_real_id8_0004_frame370.jpg,real,19-35,celeb
real_celeb_data_real_id8_0004_frame380.jpg,all_data_frames\real_celeb_data_real_id8_0004_frame380.jpg,real,19-35,celeb
real_celeb_data_real_id8_0004_frame390.jpg,all_data_frames\real_celeb_data_real_id8_0004_frame390.jpg,real,19-35,celeb
real_celeb_data_real_id8_0004_frame40.jpg,all_data_frames\real_celeb_data_real_id8_0004_frame40.jpg,real,19-35,celeb
real_celeb_data_real_id8_0004_frame410.jpg,all_data_frames\real_celeb_data_real_id8_0004_frame410.jpg,real,19-35,celeb
real_celeb_data_real_id8_0004_frame420.jpg,all_data_frames\real_celeb_data_real_id8_0004_frame420.jpg,real,19-35,celeb
real_celeb_data_real_id8_0004_frame430.jpg,all_data_frames\real_celeb_data_real_id8_0004_frame430.jpg,real,19-35,celeb
real_celeb_data_real_id8_0004_frame440.jpg,all_data_frames\real_celeb_data_real_id8_0004_frame440.jpg,real,19-35,celeb
real_celeb_data_real_id8_0004_frame450.jpg,all_data_frames\real_celeb_data_real_id8_0004_frame450.jpg,real,19-35,celeb
real_celeb_data_real_id8_0004_frame460.jpg,all_data_frames\real_celeb_data_real_id8_0004_frame460.jpg,real,19-35,celeb
real_celeb_data_real_id8_0004_frame470.jpg,all_data_frames\real_celeb_data_real_id8_0004_frame470.jpg,real,19-35,celeb
real_celeb_data_real_id8_0004_frame480.jpg,all_data_frames\real_celeb_data_real_id8_0004_frame480.jpg,real,19-35,celeb
real_celeb_data_real_id8_0004_frame490.jpg,all_data_frames\real_celeb_data_real_id8_0004_frame490.jpg,real,19-35,celeb
real_celeb_data_real_id8_0004_frame50.jpg,all_data_frames\real_celeb_data_real_id8_0004_frame50.jpg,real,19-35,celeb
real_celeb_data_real_id8_0004_frame500.jpg,all_data_frames\real_celeb_data_real_id8_0004_frame500.jpg,real,19-35,celeb
real_celeb_data_real_id8_0004_frame510.jpg,all_data_frames\real_celeb_data_real_id8_0004_frame510.jpg,real,19-35,celeb
real_celeb_data_real_id8_0004_frame520.jpg,all_data_frames\real_celeb_data_real_id8_0004_frame520.jpg,real,19-35,celeb
real_celeb_data_real_id8_0004_frame530.jpg,all_data_frames\real_celeb_data_real_id8_0004_frame530.jpg,real,19-35,celeb
real_celeb_data_real_id8_0004_frame540.jpg,all_data_frames\real_celeb_data_real_id8_0004_frame540.jpg,real,19-35,celeb
real_celeb_data_real_id8_0004_frame550.jpg,all_data_frames\real_celeb_data_real_id8_0004_frame550.jpg,real,19-35,celeb
real_celeb_data_real_id8_0004_frame60.jpg,all_data_frames\real_celeb_data_real_id8_0004_frame60.jpg,real,19-35,celeb
real_celeb_data_real_id8_0004_frame70.jpg,all_data_frames\real_celeb_data_real_id8_0004_frame70.jpg,real,19-35,celeb
real_celeb_data_real_id8_0004_frame80.jpg,all_data_frames\real_celeb_data_real_id8_0004_frame80.jpg,real,19-35,celeb
real_celeb_data_real_id8_0004_frame90.jpg,all_data_frames\real_celeb_data_real_id8_0004_frame90.jpg,real,19-35,celeb
real_celeb_data_real_id8_0007_frame0.jpg,all_data_frames\real_celeb_data_real_id8_0007_frame0.jpg,real,19-35,celeb
real_celeb_data_real_id8_0007_frame100.jpg,all_data_frames\real_celeb_data_real_id8_0007_frame100.jpg,real,19-35,celeb
real_celeb_data_real_id8_0007_frame110.jpg,all_data_frames\real_celeb_data_real_id8_0007_frame110.jpg,real,19-35,celeb
real_celeb_data_real_id8_0007_frame120.jpg,all_data_frames\real_celeb_data_real_id8_0007_frame120.jpg,real,19-35,celeb
real_celeb_data_real_id8_0007_frame130.jpg,all_data_frames\real_celeb_data_real_id8_0007_frame130.jpg,real,19-35,celeb
real_celeb_data_real_id8_0007_frame140.jpg,all_data_frames\real_celeb_data_real_id8_0007_frame140.jpg,real,19-35,celeb
real_celeb_data_real_id8_0007_frame150.jpg,all_data_frames\real_celeb_data_real_id8_0007_frame150.jpg,real,19-35,celeb
real_celeb_data_real_id8_0007_frame160.jpg,all_data_frames\real_celeb_data_real_id8_0007_frame160.jpg,real,19-35,celeb
real_celeb_data_real_id8_0007_frame170.jpg,all_data_frames\real_celeb_data_real_id8_0007_frame170.jpg,real,19-35,celeb
real_celeb_data_real_id8_0007_frame180.jpg,all_data_frames\real_celeb_data_real_id8_0007_frame180.jpg,real,19-35,celeb
real_celeb_data_real_id8_0007_frame190.jpg,all_data_frames\real_celeb_data_real_id8_0007_frame190.jpg,real,19-35,celeb
real_celeb_data_real_id8_0007_frame20.jpg,all_data_frames\real_celeb_data_real_id8_0007_frame20.jpg,real,19-35,celeb
real_celeb_data_real_id8_0007_frame200.jpg,all_data_frames\real_celeb_data_real_id8_0007_frame200.jpg,real,19-35,celeb
real_celeb_data_real_id8_0007_frame210.jpg,all_data_frames\real_celeb_data_real_id8_0007_frame210.jpg,real,19-35,celeb
real_celeb_data_real_id8_0007_frame220.jpg,all_data_frames\real_celeb_data_real_id8_0007_frame220.jpg,real,19-35,celeb
real_celeb_data_real_id8_0007_frame230.jpg,all_data_frames\real_celeb_data_real_id8_0007_frame230.jpg,real,19-35,celeb
real_celeb_data_real_id8_0007_frame240.jpg,all_data_frames\real_celeb_data_real_id8_0007_frame240.jpg,real,19-35,celeb
real_celeb_data_real_id8_0007_frame250.jpg,all_data_frames\real_celeb_data_real_id8_0007_frame250.jpg,real,19-35,celeb
real_celeb_data_real_id8_0007_frame260.jpg,all_data_frames\real_celeb_data_real_id8_0007_frame260.jpg,real,19-35,celeb
real_celeb_data_real_id8_0007_frame270.jpg,all_data_frames\real_celeb_data_real_id8_0007_frame270.jpg,real,19-35,celeb
real_celeb_data_real_id8_0007_frame280.jpg,all_data_frames\real_celeb_data_real_id8_0007_frame280.jpg,real,19-35,celeb
real_celeb_data_real_id8_0007_frame290.jpg,all_data_frames\real_celeb_data_real_id8_0007_frame290.jpg,real,19-35,celeb
real_celeb_data_real_id8_0007_frame30.jpg,all_data_frames\real_celeb_data_real_id8_0007_frame30.jpg,real,19-35,celeb
real_celeb_data_real_id8_0007_frame300.jpg,all_data_frames\real_celeb_data_real_id8_0007_frame300.jpg,real,19-35,celeb
real_celeb_data_real_id8_0007_frame310.jpg,all_data_frames\real_celeb_data_real_id8_0007_frame310.jpg,real,19-35,celeb
real_celeb_data_real_id8_0007_frame320.jpg,all_data_frames\real_celeb_data_real_id8_0007_frame320.jpg,real,19-35,celeb
real_celeb_data_real_id8_0007_frame330.jpg,all_data_frames\real_celeb_data_real_id8_0007_frame330.jpg,real,19-35,celeb
real_celeb_data_real_id8_0007_frame340.jpg,all_data_frames\real_celeb_data_real_id8_0007_frame340.jpg,real,19-35,celeb
real_celeb_data_real_id8_0007_frame350.jpg,all_data_frames\real_celeb_data_real_id8_0007_frame350.jpg,real,19-35,celeb
real_celeb_data_real_id8_0007_frame360.jpg,all_data_frames\real_celeb_data_real_id8_0007_frame360.jpg,real,19-35,celeb
real_celeb_data_real_id8_0007_frame370.jpg,all_data_frames\real_celeb_data_real_id8_0007_frame370.jpg,real,19-35,celeb
real_celeb_data_real_id8_0007_frame380.jpg,all_data_frames\real_celeb_data_real_id8_0007_frame380.jpg,real,19-35,celeb
real_celeb_data_real_id8_0007_frame40.jpg,all_data_frames\real_celeb_data_real_id8_0007_frame40.jpg,real,19-35,celeb
real_celeb_data_real_id8_0007_frame50.jpg,all_data_frames\real_celeb_data_real_id8_0007_frame50.jpg,real,19-35,celeb
real_celeb_data_real_id8_0007_frame60.jpg,all_data_frames\real_celeb_data_real_id8_0007_frame60.jpg,real,19-35,celeb
real_celeb_data_real_id8_0007_frame70.jpg,all_data_frames\real_celeb_data_real_id8_0007_frame70.jpg,real,19-35,celeb
real_celeb_data_real_id8_0007_frame80.jpg,all_data_frames\real_celeb_data_real_id8_0007_frame80.jpg,real,19-35,celeb
real_celeb_data_real_id8_0007_frame90.jpg,all_data_frames\real_celeb_data_real_id8_0007_frame90.jpg,real,19-35,celeb
real_celeb_data_real_id8_0008_frame0.jpg,all_data_frames\real_celeb_data_real_id8_0008_frame0.jpg,real,19-35,celeb
real_celeb_data_real_id8_0008_frame10.jpg,all_data_frames\real_celeb_data_real_id8_0008_frame10.jpg,real,19-35,celeb
real_celeb_data_real_id8_0008_frame100.jpg,all_data_frames\real_celeb_data_real_id8_0008_frame100.jpg,real,19-35,celeb
real_celeb_data_real_id8_0008_frame110.jpg,all_data_frames\real_celeb_data_real_id8_0008_frame110.jpg,real,19-35,celeb
real_celeb_data_real_id8_0008_frame120.jpg,all_data_frames\real_celeb_data_real_id8_0008_frame120.jpg,real,19-35,celeb
real_celeb_data_real_id8_0008_frame130.jpg,all_data_frames\real_celeb_data_real_id8_0008_frame130.jpg,real,19-35,celeb
real_celeb_data_real_id8_0008_frame140.jpg,all_data_frames\real_celeb_data_real_id8_0008_frame140.jpg,real,19-35,celeb
real_celeb_data_real_id8_0008_frame150.jpg,all_data_frames\real_celeb_data_real_id8_0008_frame150.jpg,real,19-35,celeb
real_celeb_data_real_id8_0008_frame160.jpg,all_data_frames\real_celeb_data_real_id8_0008_frame160.jpg,real,19-35,celeb
real_celeb_data_real_id8_0008_frame170.jpg,all_data_frames\real_celeb_data_real_id8_0008_frame170.jpg,real,19-35,celeb
real_celeb_data_real_id8_0008_frame180.jpg,all_data_frames\real_celeb_data_real_id8_0008_frame180.jpg,real,19-35,celeb
real_celeb_data_real_id8_0008_frame190.jpg,all_data_frames\real_celeb_data_real_id8_0008_frame190.jpg,real,19-35,celeb
real_celeb_data_real_id8_0008_frame20.jpg,all_data_frames\real_celeb_data_real_id8_0008_frame20.jpg,real,19-35,celeb
real_celeb_data_real_id8_0008_frame200.jpg,all_data_frames\real_celeb_data_real_id8_0008_frame200.jpg,real,19-35,celeb
real_celeb_data_real_id8_0008_frame210.jpg,all_data_frames\real_celeb_data_real_id8_0008_frame210.jpg,real,19-35,celeb
real_celeb_data_real_id8_0008_frame220.jpg,all_data_frames\real_celeb_data_real_id8_0008_frame220.jpg,real,19-35,celeb
real_celeb_data_real_id8_0008_frame230.jpg,all_data_frames\real_celeb_data_real_id8_0008_frame230.jpg,real,19-35,celeb
real_celeb_data_real_id8_0008_frame240.jpg,all_data_frames\real_celeb_data_real_id8_0008_frame240.jpg,real,19-35,celeb
real_celeb_data_real_id8_0008_frame250.jpg,all_data_frames\real_celeb_data_real_id8_0008_frame250.jpg,real,19-35,celeb
real_celeb_data_real_id8_0008_frame260.jpg,all_data_frames\real_celeb_data_real_id8_0008_frame260.jpg,real,19-35,celeb
real_celeb_data_real_id8_0008_frame270.jpg,all_data_frames\real_celeb_data_real_id8_0008_frame270.jpg,real,19-35,celeb
real_celeb_data_real_id8_0008_frame280.jpg,all_data_frames\real_celeb_data_real_id8_0008_frame280.jpg,real,19-35,celeb
real_celeb_data_real_id8_0008_frame290.jpg,all_data_frames\real_celeb_data_real_id8_0008_frame290.jpg,real,19-35,celeb
real_celeb_data_real_id8_0008_frame30.jpg,all_data_frames\real_celeb_data_real_id8_0008_frame30.jpg,real,19-35,celeb
real_celeb_data_real_id8_0008_frame300.jpg,all_data_frames\real_celeb_data_real_id8_0008_frame300.jpg,real,19-35,celeb
real_celeb_data_real_id8_0008_frame310.jpg,all_data_frames\real_celeb_data_real_id8_0008_frame310.jpg,real,19-35,celeb
real_celeb_data_real_id8_0008_frame320.jpg,all_data_frames\real_celeb_data_real_id8_0008_frame320.jpg,real,19-35,celeb
real_celeb_data_real_id8_0008_frame330.jpg,all_data_frames\real_celeb_data_real_id8_0008_frame330.jpg,real,19-35,celeb
real_celeb_data_real_id8_0008_frame340.jpg,all_data_frames\real_celeb_data_real_id8_0008_frame340.jpg,real,19-35,celeb
real_celeb_data_real_id8_0008_frame350.jpg,all_data_frames\real_celeb_data_real_id8_0008_frame350.jpg,real,19-35,celeb
real_celeb_data_real_id8_0008_frame360.jpg,all_data_frames\real_celeb_data_real_id8_0008_frame360.jpg,real,19-35,celeb
real_celeb_data_real_id8_0008_frame370.jpg,all_data_frames\real_celeb_data_real_id8_0008_frame370.jpg,real,19-35,celeb
real_celeb_data_real_id8_0008_frame380.jpg,all_data_frames\real_celeb_data_real_id8_0008_frame380.jpg,real,19-35,celeb
real_celeb_data_real_id8_0008_frame390.jpg,all_data_frames\real_celeb_data_real_id8_0008_frame390.jpg,real,19-35,celeb
real_celeb_data_real_id8_0008_frame40.jpg,all_data_frames\real_celeb_data_real_id8_0008_frame40.jpg,real,19-35,celeb
real_celeb_data_real_id8_0008_frame400.jpg,all_data_frames\real_celeb_data_real_id8_0008_frame400.jpg,real,19-35,celeb
real_celeb_data_real_id8_0008_frame410.jpg,all_data_frames\real_celeb_data_real_id8_0008_frame410.jpg,real,19-35,celeb
real_celeb_data_real_id8_0008_frame420.jpg,all_data_frames\real_celeb_data_real_id8_0008_frame420.jpg,real,19-35,celeb
real_celeb_data_real_id8_0008_frame430.jpg,all_data_frames\real_celeb_data_real_id8_0008_frame430.jpg,real,19-35,celeb
real_celeb_data_real_id8_0008_frame440.jpg,all_data_frames\real_celeb_data_real_id8_0008_frame440.jpg,real,19-35,celeb
real_celeb_data_real_id8_0008_frame450.jpg,all_data_frames\real_celeb_data_real_id8_0008_frame450.jpg,real,19-35,celeb
real_celeb_data_real_id8_0008_frame460.jpg,all_data_frames\real_celeb_data_real_id8_0008_frame460.jpg,real,19-35,celeb
real_celeb_data_real_id8_0008_frame470.jpg,all_data_frames\real_celeb_data_real_id8_0008_frame470.jpg,real,19-35,celeb
real_celeb_data_real_id8_0008_frame480.jpg,all_data_frames\real_celeb_data_real_id8_0008_frame480.jpg,real,19-35,celeb
real_celeb_data_real_id8_0008_frame490.jpg,all_data_frames\real_celeb_data_real_id8_0008_frame490.jpg,real,19-35,celeb
real_celeb_data_real_id8_0008_frame50.jpg,all_data_frames\real_celeb_data_real_id8_0008_frame50.jpg,real,19-35,celeb
real_celeb_data_real_id8_0008_frame500.jpg,all_data_frames\real_celeb_data_real_id8_0008_frame500.jpg,real,19-35,celeb
real_celeb_data_real_id8_0008_frame510.jpg,all_data_frames\real_celeb_data_real_id8_0008_frame510.jpg,real,19-35,celeb
real_celeb_data_real_id8_0008_frame520.jpg,all_data_frames\real_celeb_data_real_id8_0008_frame520.jpg,real,19-35,celeb
real_celeb_data_real_id8_0008_frame530.jpg,all_data_frames\real_celeb_data_real_id8_0008_frame530.jpg,real,19-35,celeb
real_celeb_data_real_id8_0008_frame540.jpg,all_data_frames\real_celeb_data_real_id8_0008_frame540.jpg,real,19-35,celeb
real_celeb_data_real_id8_0008_frame550.jpg,all_data_frames\real_celeb_data_real_id8_0008_frame550.jpg,real,19-35,celeb
real_celeb_data_real_id8_0008_frame60.jpg,all_data_frames\real_celeb_data_real_id8_0008_frame60.jpg,real,19-35,celeb
real_celeb_data_real_id8_0008_frame70.jpg,all_data_frames\real_celeb_data_real_id8_0008_frame70.jpg,real,19-35,celeb
real_celeb_data_real_id8_0008_frame80.jpg,all_data_frames\real_celeb_data_real_id8_0008_frame80.jpg,real,19-35,celeb
real_celeb_data_real_id8_0008_frame90.jpg,all_data_frames\real_celeb_data_real_id8_0008_frame90.jpg,real,19-35,celeb
real_celeb_data_real_id8_0009_frame100.jpg,all_data_frames\real_celeb_data_real_id8_0009_frame100.jpg,real,19-35,celeb
real_celeb_data_real_id8_0009_frame110.jpg,all_data_frames\real_celeb_data_real_id8_0009_frame110.jpg,real,19-35,celeb
real_celeb_data_real_id8_0009_frame120.jpg,all_data_frames\real_celeb_data_real_id8_0009_frame120.jpg,real,19-35,celeb
real_celeb_data_real_id8_0009_frame130.jpg,all_data_frames\real_celeb_data_real_id8_0009_frame130.jpg,real,19-35,celeb
real_celeb_data_real_id8_0009_frame140.jpg,all_data_frames\real_celeb_data_real_id8_0009_frame140.jpg,real,19-35,celeb
real_celeb_data_real_id8_0009_frame150.jpg,all_data_frames\real_celeb_data_real_id8_0009_frame150.jpg,real,19-35,celeb
real_celeb_data_real_id8_0009_frame160.jpg,all_data_frames\real_celeb_data_real_id8_0009_frame160.jpg,real,19-35,celeb
real_celeb_data_real_id8_0009_frame170.jpg,all_data_frames\real_celeb_data_real_id8_0009_frame170.jpg,real,19-35,celeb
real_celeb_data_real_id8_0009_frame180.jpg,all_data_frames\real_celeb_data_real_id8_0009_frame180.jpg,real,19-35,celeb
real_celeb_data_real_id8_0009_frame190.jpg,all_data_frames\real_celeb_data_real_id8_0009_frame190.jpg,real,19-35,celeb
real_celeb_data_real_id8_0009_frame200.jpg,all_data_frames\real_celeb_data_real_id8_0009_frame200.jpg,real,19-35,celeb
real_celeb_data_real_id8_0009_frame210.jpg,all_data_frames\real_celeb_data_real_id8_0009_frame210.jpg,real,19-35,celeb
real_celeb_data_real_id8_0009_frame220.jpg,all_data_frames\real_celeb_data_real_id8_0009_frame220.jpg,real,19-35,celeb
real_celeb_data_real_id8_0009_frame230.jpg,all_data_frames\real_celeb_data_real_id8_0009_frame230.jpg,real,19-35,celeb
real_celeb_data_real_id8_0009_frame240.jpg,all_data_frames\real_celeb_data_real_id8_0009_frame240.jpg,real,19-35,celeb
real_celeb_data_real_id8_0009_frame250.jpg,all_data_frames\real_celeb_data_real_id8_0009_frame250.jpg,real,19-35,celeb
real_celeb_data_real_id8_0009_frame80.jpg,all_data_frames\real_celeb_data_real_id8_0009_frame80.jpg,real,19-35,celeb
real_celeb_data_real_id8_0009_frame90.jpg,all_data_frames\real_celeb_data_real_id8_0009_frame90.jpg,real,19-35,celeb
real_celeb_data_real_id9_0003_frame0.jpg,all_data_frames\real_celeb_data_real_id9_0003_frame0.jpg,real,19-35,celeb
real_celeb_data_real_id9_0003_frame10.jpg,all_data_frames\real_celeb_data_real_id9_0003_frame10.jpg,real,19-35,celeb
real_celeb_data_real_id9_0003_frame100.jpg,all_data_frames\real_celeb_data_real_id9_0003_frame100.jpg,real,19-35,celeb
real_celeb_data_real_id9_0003_frame110.jpg,all_data_frames\real_celeb_data_real_id9_0003_frame110.jpg,real,19-35,celeb
real_celeb_data_real_id9_0003_frame120.jpg,all_data_frames\real_celeb_data_real_id9_0003_frame120.jpg,real,19-35,celeb
real_celeb_data_real_id9_0003_frame130.jpg,all_data_frames\real_celeb_data_real_id9_0003_frame130.jpg,real,19-35,celeb
real_celeb_data_real_id9_0003_frame140.jpg,all_data_frames\real_celeb_data_real_id9_0003_frame140.jpg,real,19-35,celeb
real_celeb_data_real_id9_0003_frame150.jpg,all_data_frames\real_celeb_data_real_id9_0003_frame150.jpg,real,19-35,celeb
real_celeb_data_real_id9_0003_frame160.jpg,all_data_frames\real_celeb_data_real_id9_0003_frame160.jpg,real,19-35,celeb
real_celeb_data_real_id9_0003_frame170.jpg,all_data_frames\real_celeb_data_real_id9_0003_frame170.jpg,real,19-35,celeb
real_celeb_data_real_id9_0003_frame180.jpg,all_data_frames\real_celeb_data_real_id9_0003_frame180.jpg,real,19-35,celeb
real_celeb_data_real_id9_0003_frame190.jpg,all_data_frames\real_celeb_data_real_id9_0003_frame190.jpg,real,19-35,celeb
real_celeb_data_real_id9_0003_frame20.jpg,all_data_frames\real_celeb_data_real_id9_0003_frame20.jpg,real,19-35,celeb
real_celeb_data_real_id9_0003_frame200.jpg,all_data_frames\real_celeb_data_real_id9_0003_frame200.jpg,real,19-35,celeb
real_celeb_data_real_id9_0003_frame210.jpg,all_data_frames\real_celeb_data_real_id9_0003_frame210.jpg,real,19-35,celeb
real_celeb_data_real_id9_0003_frame220.jpg,all_data_frames\real_celeb_data_real_id9_0003_frame220.jpg,real,19-35,celeb
real_celeb_data_real_id9_0003_frame230.jpg,all_data_frames\real_celeb_data_real_id9_0003_frame230.jpg,real,19-35,celeb
real_celeb_data_real_id9_0003_frame240.jpg,all_data_frames\real_celeb_data_real_id9_0003_frame240.jpg,real,19-35,celeb
real_celeb_data_real_id9_0003_frame250.jpg,all_data_frames\real_celeb_data_real_id9_0003_frame250.jpg,real,19-35,celeb
real_celeb_data_real_id9_0003_frame260.jpg,all_data_frames\real_celeb_data_real_id9_0003_frame260.jpg,real,19-35,celeb
real_celeb_data_real_id9_0003_frame270.jpg,all_data_frames\real_celeb_data_real_id9_0003_frame270.jpg,real,19-35,celeb
real_celeb_data_real_id9_0003_frame280.jpg,all_data_frames\real_celeb_data_real_id9_0003_frame280.jpg,real,19-35,celeb
real_celeb_data_real_id9_0003_frame290.jpg,all_data_frames\real_celeb_data_real_id9_0003_frame290.jpg,real,19-35,celeb
real_celeb_data_real_id9_0003_frame30.jpg,all_data_frames\real_celeb_data_real_id9_0003_frame30.jpg,real,19-35,celeb
real_celeb_data_real_id9_0003_frame300.jpg,all_data_frames\real_celeb_data_real_id9_0003_frame300.jpg,real,19-35,celeb
real_celeb_data_real_id9_0003_frame310.jpg,all_data_frames\real_celeb_data_real_id9_0003_frame310.jpg,real,19-35,celeb
real_celeb_data_real_id9_0003_frame320.jpg,all_data_frames\real_celeb_data_real_id9_0003_frame320.jpg,real,19-35,celeb
real_celeb_data_real_id9_0003_frame330.jpg,all_data_frames\real_celeb_data_real_id9_0003_frame330.jpg,real,19-35,celeb
real_celeb_data_real_id9_0003_frame340.jpg,all_data_frames\real_celeb_data_real_id9_0003_frame340.jpg,real,19-35,celeb
real_celeb_data_real_id9_0003_frame350.jpg,all_data_frames\real_celeb_data_real_id9_0003_frame350.jpg,real,19-35,celeb
real_celeb_data_real_id9_0003_frame360.jpg,all_data_frames\real_celeb_data_real_id9_0003_frame360.jpg,real,19-35,celeb
real_celeb_data_real_id9_0003_frame370.jpg,all_data_frames\real_celeb_data_real_id9_0003_frame370.jpg,real,19-35,celeb
real_celeb_data_real_id9_0003_frame380.jpg,all_data_frames\real_celeb_data_real_id9_0003_frame380.jpg,real,19-35,celeb
real_celeb_data_real_id9_0003_frame390.jpg,all_data_frames\real_celeb_data_real_id9_0003_frame390.jpg,real,19-35,celeb
real_celeb_data_real_id9_0003_frame40.jpg,all_data_frames\real_celeb_data_real_id9_0003_frame40.jpg,real,19-35,celeb
real_celeb_data_real_id9_0003_frame400.jpg,all_data_frames\real_celeb_data_real_id9_0003_frame400.jpg,real,19-35,celeb
real_celeb_data_real_id9_0003_frame410.jpg,all_data_frames\real_celeb_data_real_id9_0003_frame410.jpg,real,19-35,celeb
real_celeb_data_real_id9_0003_frame420.jpg,all_data_frames\real_celeb_data_real_id9_0003_frame420.jpg,real,19-35,celeb
real_celeb_data_real_id9_0003_frame430.jpg,all_data_frames\real_celeb_data_real_id9_0003_frame430.jpg,real,19-35,celeb
real_celeb_data_real_id9_0003_frame440.jpg,all_data_frames\real_celeb_data_real_id9_0003_frame440.jpg,real,19-35,celeb
real_celeb_data_real_id9_0003_frame450.jpg,all_data_frames\real_celeb_data_real_id9_0003_frame450.jpg,real,19-35,celeb
real_celeb_data_real_id9_0003_frame460.jpg,all_data_frames\real_celeb_data_real_id9_0003_frame460.jpg,real,19-35,celeb
real_celeb_data_real_id9_0003_frame470.jpg,all_data_frames\real_celeb_data_real_id9_0003_frame470.jpg,real,19-35,celeb
real_celeb_data_real_id9_0003_frame480.jpg,all_data_frames\real_celeb_data_real_id9_0003_frame480.jpg,real,19-35,celeb
real_celeb_data_real_id9_0003_frame490.jpg,all_data_frames\real_celeb_data_real_id9_0003_frame490.jpg,real,19-35,celeb
real_celeb_data_real_id9_0003_frame50.jpg,all_data_frames\real_celeb_data_real_id9_0003_frame50.jpg,real,19-35,celeb
real_celeb_data_real_id9_0003_frame60.jpg,all_data_frames\real_celeb_data_real_id9_0003_frame60.jpg,real,19-35,celeb
real_celeb_data_real_id9_0003_frame70.jpg,all_data_frames\real_celeb_data_real_id9_0003_frame70.jpg,real,19-35,celeb
real_celeb_data_real_id9_0003_frame80.jpg,all_data_frames\real_celeb_data_real_id9_0003_frame80.jpg,real,19-35,celeb
real_celeb_data_real_id9_0003_frame90.jpg,all_data_frames\real_celeb_data_real_id9_0003_frame90.jpg,real,19-35,celeb
real_celeb_data_real_id9_0007_frame0.jpg,all_data_frames\real_celeb_data_real_id9_0007_frame0.jpg,real,19-35,celeb
real_celeb_data_real_id9_0007_frame10.jpg,all_data_frames\real_celeb_data_real_id9_0007_frame10.jpg,real,19-35,celeb
real_celeb_data_real_id9_0007_frame100.jpg,all_data_frames\real_celeb_data_real_id9_0007_frame100.jpg,real,19-35,celeb
real_celeb_data_real_id9_0007_frame110.jpg,all_data_frames\real_celeb_data_real_id9_0007_frame110.jpg,real,19-35,celeb
real_celeb_data_real_id9_0007_frame120.jpg,all_data_frames\real_celeb_data_real_id9_0007_frame120.jpg,real,19-35,celeb
real_celeb_data_real_id9_0007_frame130.jpg,all_data_frames\real_celeb_data_real_id9_0007_frame130.jpg,real,19-35,celeb
real_celeb_data_real_id9_0007_frame140.jpg,all_data_frames\real_celeb_data_real_id9_0007_frame140.jpg,real,19-35,celeb
real_celeb_data_real_id9_0007_frame150.jpg,all_data_frames\real_celeb_data_real_id9_0007_frame150.jpg,real,19-35,celeb
real_celeb_data_real_id9_0007_frame160.jpg,all_data_frames\real_celeb_data_real_id9_0007_frame160.jpg,real,19-35,celeb
real_celeb_data_real_id9_0007_frame170.jpg,all_data_frames\real_celeb_data_real_id9_0007_frame170.jpg,real,19-35,celeb
real_celeb_data_real_id9_0007_frame180.jpg,all_data_frames\real_celeb_data_real_id9_0007_frame180.jpg,real,19-35,celeb
real_celeb_data_real_id9_0007_frame190.jpg,all_data_frames\real_celeb_data_real_id9_0007_frame190.jpg,real,19-35,celeb
real_celeb_data_real_id9_0007_frame20.jpg,all_data_frames\real_celeb_data_real_id9_0007_frame20.jpg,real,19-35,celeb
real_celeb_data_real_id9_0007_frame200.jpg,all_data_frames\real_celeb_data_real_id9_0007_frame200.jpg,real,19-35,celeb
real_celeb_data_real_id9_0007_frame210.jpg,all_data_frames\real_celeb_data_real_id9_0007_frame210.jpg,real,19-35,celeb
real_celeb_data_real_id9_0007_frame220.jpg,all_data_frames\real_celeb_data_real_id9_0007_frame220.jpg,real,19-35,celeb
real_celeb_data_real_id9_0007_frame230.jpg,all_data_frames\real_celeb_data_real_id9_0007_frame230.jpg,real,19-35,celeb
real_celeb_data_real_id9_0007_frame240.jpg,all_data_frames\real_celeb_data_real_id9_0007_frame240.jpg,real,19-35,celeb
real_celeb_data_real_id9_0007_frame250.jpg,all_data_frames\real_celeb_data_real_id9_0007_frame250.jpg,real,19-35,celeb
real_celeb_data_real_id9_0007_frame260.jpg,all_data_frames\real_celeb_data_real_id9_0007_frame260.jpg,real,19-35,celeb
real_celeb_data_real_id9_0007_frame270.jpg,all_data_frames\real_celeb_data_real_id9_0007_frame270.jpg,real,19-35,celeb
real_celeb_data_real_id9_0007_frame280.jpg,all_data_frames\real_celeb_data_real_id9_0007_frame280.jpg,real,19-35,celeb
real_celeb_data_real_id9_0007_frame290.jpg,all_data_frames\real_celeb_data_real_id9_0007_frame290.jpg,real,19-35,celeb
real_celeb_data_real_id9_0007_frame30.jpg,all_data_frames\real_celeb_data_real_id9_0007_frame30.jpg,real,19-35,celeb
real_celeb_data_real_id9_0007_frame300.jpg,all_data_frames\real_celeb_data_real_id9_0007_frame300.jpg,real,19-35,celeb
real_celeb_data_real_id9_0007_frame310.jpg,all_data_frames\real_celeb_data_real_id9_0007_frame310.jpg,real,19-35,celeb
real_celeb_data_real_id9_0007_frame320.jpg,all_data_frames\real_celeb_data_real_id9_0007_frame320.jpg,real,19-35,celeb
real_celeb_data_real_id9_0007_frame330.jpg,all_data_frames\real_celeb_data_real_id9_0007_frame330.jpg,real,19-35,celeb
real_celeb_data_real_id9_0007_frame340.jpg,all_data_frames\real_celeb_data_real_id9_0007_frame340.jpg,real,19-35,celeb
real_celeb_data_real_id9_0007_frame350.jpg,all_data_frames\real_celeb_data_real_id9_0007_frame350.jpg,real,19-35,celeb
real_celeb_data_real_id9_0007_frame360.jpg,all_data_frames\real_celeb_data_real_id9_0007_frame360.jpg,real,19-35,celeb
real_celeb_data_real_id9_0007_frame370.jpg,all_data_frames\real_celeb_data_real_id9_0007_frame370.jpg,real,19-35,celeb
real_celeb_data_real_id9_0007_frame380.jpg,all_data_frames\real_celeb_data_real_id9_0007_frame380.jpg,real,19-35,celeb
real_celeb_data_real_id9_0007_frame390.jpg,all_data_frames\real_celeb_data_real_id9_0007_frame390.jpg,real,19-35,celeb
real_celeb_data_real_id9_0007_frame40.jpg,all_data_frames\real_celeb_data_real_id9_0007_frame40.jpg,real,19-35,celeb
real_celeb_data_real_id9_0007_frame400.jpg,all_data_frames\real_celeb_data_real_id9_0007_frame400.jpg,real,19-35,celeb
real_celeb_data_real_id9_0007_frame410.jpg,all_data_frames\real_celeb_data_real_id9_0007_frame410.jpg,real,19-35,celeb
real_celeb_data_real_id9_0007_frame420.jpg,all_data_frames\real_celeb_data_real_id9_0007_frame420.jpg,real,19-35,celeb
real_celeb_data_real_id9_0007_frame430.jpg,all_data_frames\real_celeb_data_real_id9_0007_frame430.jpg,real,19-35,celeb
real_celeb_data_real_id9_0007_frame440.jpg,all_data_frames\real_celeb_data_real_id9_0007_frame440.jpg,real,19-35,celeb
real_celeb_data_real_id9_0007_frame450.jpg,all_data_frames\real_celeb_data_real_id9_0007_frame450.jpg,real,19-35,celeb
real_celeb_data_real_id9_0007_frame50.jpg,all_data_frames\real_celeb_data_real_id9_0007_frame50.jpg,real,19-35,celeb
real_celeb_data_real_id9_0007_frame60.jpg,all_data_frames\real_celeb_data_real_id9_0007_frame60.jpg,real,19-35,celeb
real_celeb_data_real_id9_0007_frame70.jpg,all_data_frames\real_celeb_data_real_id9_0007_frame70.jpg,real,19-35,celeb
real_celeb_data_real_id9_0007_frame80.jpg,all_data_frames\real_celeb_data_real_id9_0007_frame80.jpg,real,19-35,celeb
real_celeb_data_real_id9_0007_frame90.jpg,all_data_frames\real_celeb_data_real_id9_0007_frame90.jpg,real,19-35,celeb
real_celeb_data_real_id9_0008_frame100.jpg,all_data_frames\real_celeb_data_real_id9_0008_frame100.jpg,real,19-35,celeb
real_celeb_data_real_id9_0008_frame110.jpg,all_data_frames\real_celeb_data_real_id9_0008_frame110.jpg,real,19-35,celeb
real_celeb_data_real_id9_0008_frame120.jpg,all_data_frames\real_celeb_data_real_id9_0008_frame120.jpg,real,19-35,celeb
real_celeb_data_real_id9_0008_frame130.jpg,all_data_frames\real_celeb_data_real_id9_0008_frame130.jpg,real,19-35,celeb
real_celeb_data_real_id9_0008_frame140.jpg,all_data_frames\real_celeb_data_real_id9_0008_frame140.jpg,real,19-35,celeb
real_celeb_data_real_id9_0008_frame150.jpg,all_data_frames\real_celeb_data_real_id9_0008_frame150.jpg,real,19-35,celeb
real_celeb_data_real_id9_0008_frame160.jpg,all_data_frames\real_celeb_data_real_id9_0008_frame160.jpg,real,19-35,celeb
real_celeb_data_real_id9_0008_frame170.jpg,all_data_frames\real_celeb_data_real_id9_0008_frame170.jpg,real,19-35,celeb
real_celeb_data_real_id9_0008_frame180.jpg,all_data_frames\real_celeb_data_real_id9_0008_frame180.jpg,real,19-35,celeb
real_celeb_data_real_id9_0008_frame190.jpg,all_data_frames\real_celeb_data_real_id9_0008_frame190.jpg,real,19-35,celeb
real_celeb_data_real_id9_0008_frame200.jpg,all_data_frames\real_celeb_data_real_id9_0008_frame200.jpg,real,19-35,celeb
real_celeb_data_real_id9_0008_frame210.jpg,all_data_frames\real_celeb_data_real_id9_0008_frame210.jpg,real,19-35,celeb
real_celeb_data_real_id9_0008_frame220.jpg,all_data_frames\real_celeb_data_real_id9_0008_frame220.jpg,real,19-35,celeb
real_celeb_data_real_id9_0008_frame230.jpg,all_data_frames\real_celeb_data_real_id9_0008_frame230.jpg,real,19-35,celeb
real_celeb_data_real_id9_0008_frame240.jpg,all_data_frames\real_celeb_data_real_id9_0008_frame240.jpg,real,19-35,celeb
real_celeb_data_real_id9_0008_frame250.jpg,all_data_frames\real_celeb_data_real_id9_0008_frame250.jpg,real,19-35,celeb
real_celeb_data_real_id9_0008_frame260.jpg,all_data_frames\real_celeb_data_real_id9_0008_frame260.jpg,real,19-35,celeb
real_celeb_data_real_id9_0008_frame270.jpg,all_data_frames\real_celeb_data_real_id9_0008_frame270.jpg,real,19-35,celeb
real_celeb_data_real_id9_0008_frame280.jpg,all_data_frames\real_celeb_data_real_id9_0008_frame280.jpg,real,19-35,celeb
real_celeb_data_real_id9_0008_frame290.jpg,all_data_frames\real_celeb_data_real_id9_0008_frame290.jpg,real,19-35,celeb
real_celeb_data_real_id9_0008_frame30.jpg,all_data_frames\real_celeb_data_real_id9_0008_frame30.jpg,real,19-35,celeb
real_celeb_data_real_id9_0008_frame300.jpg,all_data_frames\real_celeb_data_real_id9_0008_frame300.jpg,real,19-35,celeb
real_celeb_data_real_id9_0008_frame310.jpg,all_data_frames\real_celeb_data_real_id9_0008_frame310.jpg,real,19-35,celeb
real_celeb_data_real_id9_0008_frame320.jpg,all_data_frames\real_celeb_data_real_id9_0008_frame320.jpg,real,19-35,celeb
real_celeb_data_real_id9_0008_frame330.jpg,all_data_frames\real_celeb_data_real_id9_0008_frame330.jpg,real,19-35,celeb
real_celeb_data_real_id9_0008_frame340.jpg,all_data_frames\real_celeb_data_real_id9_0008_frame340.jpg,real,19-35,celeb
real_celeb_data_real_id9_0008_frame350.jpg,all_data_frames\real_celeb_data_real_id9_0008_frame350.jpg,real,19-35,celeb
real_celeb_data_real_id9_0008_frame360.jpg,all_data_frames\real_celeb_data_real_id9_0008_frame360.jpg,real,19-35,celeb
real_celeb_data_real_id9_0008_frame370.jpg,all_data_frames\real_celeb_data_real_id9_0008_frame370.jpg,real,19-35,celeb
real_celeb_data_real_id9_0008_frame380.jpg,all_data_frames\real_celeb_data_real_id9_0008_frame380.jpg,real,19-35,celeb
real_celeb_data_real_id9_0008_frame390.jpg,all_data_frames\real_celeb_data_real_id9_0008_frame390.jpg,real,19-35,celeb
real_celeb_data_real_id9_0008_frame40.jpg,all_data_frames\real_celeb_data_real_id9_0008_frame40.jpg,real,19-35,celeb
real_celeb_data_real_id9_0008_frame50.jpg,all_data_frames\real_celeb_data_real_id9_0008_frame50.jpg,real,19-35,celeb
real_celeb_data_real_id9_0008_frame60.jpg,all_data_frames\real_celeb_data_real_id9_0008_frame60.jpg,real,19-35,celeb
real_celeb_data_real_id9_0008_frame70.jpg,all_data_frames\real_celeb_data_real_id9_0008_frame70.jpg,real,19-35,celeb
real_celeb_data_real_id9_0008_frame80.jpg,all_data_frames\real_celeb_data_real_id9_0008_frame80.jpg,real,19-35,celeb
real_celeb_data_real_id9_0008_frame90.jpg,all_data_frames\real_celeb_data_real_id9_0008_frame90.jpg,real,19-35,celeb
